{"epoch": 100, "loss": [[48155796011.38983, 48086131937.62712, 48033135182.10169, 48011178261.694916, 48039608528.27119, 48087297041.355934, 47971279958.77966, 48121050059.932205, 48009362692.33898, 48011920817.89831, 48036495151.72881, 48034402026.305084, 48046849423.18644, 48035450116.33898, 47930498516.61017, 48070553530.57627, 48056965571.254234, 48010191507.52542, 48085871598.644066, 48067380171.932205, 48037467708.745766, 48053289862.50848, 48009328535.86441, 48030411272.67796, 48090527292.745766, 48103432747.38983, 48092868122.0339, 48020918133.15254, 47999889616.27119, 48026468490.84746, 48031683531.932205, 48109751972.881355, 48041904440.40678, 48066812771.79661, 48100891977.76271, 47978826248.67796, 48087699803.118645, 47996172045.01695, 48048427875.79661, 47961987592.67796, 48133685595.118645, 48066492658.98305, 48018394233.49152, 48103897261.55932, 48059093825.08475, 48153024407.86441, 48100417883.118645, 48074834961.355934, 47973409705.22034, 47993233130.305084, 48022239405.55932, 47992701899.932205, 48063712308.067795, 47990579477.694916, 47944920324.33898, 47980224650.84746, 47987972929.08475, 48051145502.37288, 47975161300.61017, 47973425915.66102, 48035440327.59322, 48003826358.23729, 48139725528.94915, 48041168548.881355, 48080481262.644066, 48075317733.9661, 48112217903.72881, 48019017103.18644, 48052885746.98305, 47973464445.830505, 48028953790.91525, 48042762448.27119, 47994842719.45763, 48013321927.59322, 48099045306.57627, 48229655777.62712, 48034263178.84746, 47993380933.42373, 48076290290.98305, 48025905117.28814, 48116551957.694916, 48091189733.9661, 48125432849.355934, 48095330928.81356, 48057374407.59322, 48029347215.18644, 48010010346.305084, 48126909075.52542, 47981676509.28814, 48072152845.01695, 48001433461.15254, 48054151237.42373, 48071182370.71186, 48098092951.86441, 48012517376.0, 48001146151.05085, 48051345998.10169, 48108989492.067795, 47985179144.67796, 47953784346.0339], [43100265773.17647, 43150472613.64706, 43225644333.17647, 43260319864.47059, 43177752455.52941, 43254063585.882355, 43244395098.35294, 43305695111.52941, 43340495691.29412, 43378065648.94118, 43335775171.76471, 43386057667.76471, 43287314913.882355, 43283437206.588234, 43340727958.588234, 43333368169.411766, 43273535488.0, 43340955407.05882, 43366917541.64706, 43340180058.35294, 43232944368.94118, 43402894637.17647, 43313721103.05882, 43291022998.588234, 43390501345.882355, 43324777652.70588, 43333894384.94118, 43323242857.411766, 43302258567.52941, 43337799318.588234, 43339666371.76471, 43405980611.76471, 43338089893.64706, 43340823612.23529, 43325588419.76471, 43319665121.882355, 43393582742.588234, 43268329712.94118, 43289389417.411766, 43356591284.70588, 43351297084.23529, 43363511838.117645, 43296457908.70588, 43260475030.588234, 43254867365.64706, 43315858974.117645, 43333894384.94118, 43288280365.17647, 43338500216.47059, 43276183431.52941, 43372319442.82353, 43341054433.882355, 43352922714.35294, 43351077345.882355, 43286709910.588234, 43308347151.05882, 43286514748.23529, 43294935883.29412, 43409030204.23529, 43398536252.23529, 43298684928.0, 43321536752.94118, 43319571395.76471, 43336736768.0, 43306331919.05882, 43371012096.0, 43337060592.94118, 43267927100.23529, 43286943623.52941, 43293403497.411766, 43343059546.35294, 43276992030.117645, 43330523136.0, 43411565146.35294, 43365633566.117645, 43276916856.47059, 43296765108.70588, 43338687186.82353, 43354701342.117645, 43330182204.23529, 43301900047.05882, 43300196111.05882, 43332003478.588234, 43252313389.17647, 43341034917.64706, 43346924724.70588, 43357716480.0, 43232316717.17647, 43354509071.05882, 43241267440.94118, 43269231555.76471, 43284839243.29412, 43335283410.82353, 43361508653.17647, 43325242910.117645, 43358860468.70588, 43325564807.52941, 43288224948.70588, 43352734539.29412, 43345099595.29412]], "R_square": [[1.381009311999305e-06, 5.908941818495929e-06, 9.801428196793896e-06, 1.1672407893811242e-05, 1.2740240258685614e-05, 1.3673709610761222e-05, 1.445362123392396e-05, 1.4500092651884435e-05, 1.5077954631740765e-05, 1.5039565199512546e-05, 1.5281014523263704e-05, 1.4299053256794558e-05, 1.467082460047835e-05, 1.4797105627544855e-05, 1.4324309462207859e-05, 1.4545553821628376e-05, 1.4953694101107322e-05, 1.4684968075509799e-05, 1.39788045721539e-05, 1.4419272794561871e-05, 1.4782962152513407e-05, 1.4832464315123477e-05, 1.4782962152513407e-05, 1.4465744212522345e-05, 1.4702142295190844e-05, 1.4644558146848517e-05, 1.4464733964305813e-05, 1.5478012925487452e-05, 1.5163825730145987e-05, 1.4531410346596927e-05, 1.5247676332118148e-05, 1.5137559276516155e-05, 1.4350575915837692e-05, 1.5141600269382282e-05, 1.4580912509206998e-05, 1.5100180092504468e-05, 1.5049667681677866e-05, 1.5019360235181906e-05, 1.4485949176852985e-05, 1.4565758785959018e-05, 1.4899140697414593e-05, 1.5326475693007647e-05, 1.495268385289079e-05, 1.4336432440806244e-05, 1.509108785855568e-05, 1.4905202186713785e-05, 1.4345524674755032e-05, 1.511533381575245e-05, 1.4423313787428e-05, 1.4343504178321967e-05, 1.4857720520536779e-05, 1.4298043008578025e-05, 1.4206110420873609e-05, 1.4531410346596927e-05, 1.4989052788685944e-05, 1.4414221553479211e-05, 1.4933489136776682e-05, 1.4890048463465804e-05, 1.4264704817432468e-05, 1.4529389850163864e-05, 1.4100034358137745e-05, 1.4674865593344479e-05, 1.514059002116575e-05, 1.4984001547603284e-05, 1.4934499384993213e-05, 1.4842566797288797e-05, 1.4573840771691274e-05, 1.4996124526201669e-05, 1.4846607790154926e-05, 1.4278848292463916e-05, 1.4380883362333654e-05, 1.4765787932832361e-05, 1.5250707076767743e-05, 1.4536461587679587e-05, 1.4964806831489175e-05, 1.4299053256794558e-05, 1.4664763111179157e-05, 1.471527552200576e-05, 1.4434426517809851e-05, 1.4948642860024662e-05, 1.4825392577607752e-05, 1.4454631482140493e-05, 1.506078041205972e-05, 1.4717296018438824e-05, 1.4263694569215936e-05, 1.4064675670559124e-05, 1.4832464315123477e-05, 1.44485699928413e-05, 1.5127456794350834e-05, 1.4795085131111792e-05, 1.4488979921502582e-05, 1.4750634209584381e-05, 1.450817463761669e-05, 1.4647588891498114e-05, 1.4324309462207859e-05, 1.3818175105725305e-05, 1.4763767436399298e-05, 1.4432406021376788e-05, 1.5160794985496392e-05, 1.5126446546134302e-05], [9.116004495059742e-08, 7.113989661721623e-06, 5.031333250157973e-06, 6.9316695718204275e-06, 6.048118366914637e-06, 8.127268622903262e-06, 1.1296833262724035e-05, 5.339874940759996e-06, 3.3098108628216913e-06, 3.814697265625e-06, 4.926148582907284e-06, 3.751586465274586e-06, 3.9374127107508044e-06, 4.477360669304343e-06, 3.7621049319996553e-06, 4.161806667552275e-06, 3.495637108297909e-06, 4.189855912152459e-06, 3.6078340866986444e-06, 3.933906555175781e-06, 4.491385291604435e-06, 3.783141865449793e-06, 3.5482294419232538e-06, 4.126745111802045e-06, 3.52018019732307e-06, 4.326595979578355e-06, 4.4142498689539294e-06, 4.263485179227941e-06, 3.8883265327004825e-06, 4.133757422952091e-06, 4.172325134277344e-06, 3.681463353774127e-06, 4.277509801528033e-06, 4.673705381505629e-06, 3.713018753949334e-06, 4.224917467902688e-06, 3.926894244025735e-06, 4.228423623477711e-06, 4.333608290728401e-06, 3.94442502190085e-06, 3.84975882137523e-06, 3.867289599250344e-06, 4.372176002053654e-06, 3.6008217755485985e-06, 4.081165089326746e-06, 4.049609689151539e-06, 3.7340556873994716e-06, 3.776129554299747e-06, 4.684223848230699e-06, 3.6849695093491496e-06, 3.776129554299747e-06, 4.133757422952091e-06, 3.6078340866986444e-06, 4.407237557803883e-06, 4.610594581155216e-06, 4.060128155876609e-06, 3.4185016856474034e-06, 4.6456561369054456e-06, 3.628871020148782e-06, 3.464081708122702e-06, 4.049609689151539e-06, 3.492130952722886e-06, 3.7095125983743106e-06, 4.456323735854205e-06, 3.327341640696806e-06, 4.049609689151539e-06, 3.832228043500115e-06, 4.424768335678998e-06, 3.7796357098747703e-06, 4.73331002628102e-06, 4.1022020227768844e-06, 3.4360324635225185e-06, 4.673705381505629e-06, 3.7200310650993797e-06, 3.478106330422794e-06, 